,p2rank_rank,fpocket_nr,distance
0,1,pocket23,4.732665808622019
1,2,pocket3,5.698591727225256
