pocket_id,center_x,center_y,center_z,volume
pocket5,127.52879,118.22383,232.58565,74
pocket20,142.8521,124.30748,170.74104,63
pocket3,140.03354,134.9682,118.64834,87
pocket16,151.05206,142.75957,142.80434,71
pocket23,132.67245,128.13116,141.94522,110
pocket9,128.27492,144.1685,139.17493,98
pocket6,148.77011,113.18614,214.97374,74
pocket4,132.22392,118.61584,213.951,112
pocket10,122.7778,131.27089,127.79477,90
